{
    "ultimo_valore_indice": 63743.56502593223,
    "variazione_24h_pct": -0.020760650636311717,
    "variazione_7g_pct": 0.0502774103239807,
    "variazione_ytd_pct": -0.2294312518293954,
    "ultima_allocazione_pesi": {
        "BTC-USD": 0.7801930282274951,
        "ETH-USD": 0.13716458211416546,
        "XRP-USD": 0.047259874732113946,
        "SOL-USD": 0.027486443736123856,
        "DOGE-USD": 0.007896071190101583
    }
}