{
    "ultimo_valore_indice": 81175.66685757917,
    "variazione_24h_pct": -0.015841188714638577,
    "variazione_7g_pct": 0.01517633962824294,
    "variazione_ytd_pct": -0.2279983164470757,
    "ultima_allocazione_pesi": {
        "BTC-USD": 0.33899391436778775,
        "XRP-USD": 0.3298872937093252,
        "XLM-USD": 0.3311187919228871
    }
}