{
    "ultimo_valore_indice": 11370.958500411369,
    "variazione_24h_pct": 0.026788159162318248,
    "variazione_7g_pct": -0.03054736031137073,
    "variazione_ytd_pct": -0.24737293388581083,
    "ultima_allocazione_pesi": {
        "LINK-USD": 0.4710844572236845,
        "UNI7083-USD": 0.18370065232145877,
        "SKY33038-USD": 0.1298239028446531,
        "AAVE-USD": 0.12350274492733954,
        "ONDO-USD": 0.09188824268286382
    },
    "capitalizzazione_mercato": {
        "LINK-USD": 6207209575.997925,
        "UNI7083-USD": 2420518084.8609314,
        "SKY33038-USD": 1710615072.4648438,
        "AAVE-USD": 1627324801.783905,
        "ONDO-USD": 1210758646.68544
    }
}