{
    "ultimo_valore_indice": 12030.61034779947,
    "variazione_24h_pct": -0.022756488369539918,
    "variazione_7g_pct": 0.036885162159296714,
    "variazione_ytd_pct": -0.22528482253775095,
    "ultima_allocazione_pesi": {
        "LINK-USD": 0.46872158304566314,
        "UNI7083-USD": 0.1820469183763849,
        "SKY33038-USD": 0.12795021599652293,
        "AAVE-USD": 0.12825617587663807,
        "ONDO-USD": 0.09302510670479101
    }
}