{
    "ultimo_valore_indice": 70775.09408533726,
    "variazione_24h_pct": -0.021152207135579082,
    "variazione_7g_pct": 0.04986858676793604,
    "variazione_ytd_pct": -0.21045944624051183,
    "ultima_allocazione_pesi": {
        "BTC-USD": 0.9395261350492171,
        "XRP-USD": 0.056991681942478854,
        "XLM-USD": 0.0034821830083038873
    }
}