{
    "ultimo_valore_indice": 38890.175293422406,
    "variazione_24h_pct": -0.02144754026872464,
    "variazione_7g_pct": 0.02814928539107009,
    "variazione_ytd_pct": -0.27536588645810334,
    "ultima_allocazione_pesi": {
        "BTC-USD": 0.10154588683290919,
        "ETH-USD": 0.27316096797130524,
        "XRP-USD": 0.11456429385104382,
        "SOL-USD": 0.23906531816207588,
        "DOGE-USD": 0.271663533182666
    }
}