{
    "ultimo_valore_indice": 38580.85558552151,
    "variazione_24h_pct": 0.020960049278263337,
    "variazione_7g_pct": -0.02713609902716385,
    "variazione_ytd_pct": -0.29092338545888685,
    "ultima_allocazione_pesi": {
        "BTC-USD": 0.10203051938657015,
        "ETH-USD": 0.2841479988948601,
        "XRP-USD": 0.11437461002282945,
        "SOL-USD": 0.2485600154826181,
        "DOGE-USD": 0.25088685621312223
    },
    "capitalizzazione_mercato": {
        "BTC-USD": 1353347389237.375,
        "ETH-USD": 240990373552.39844,
        "XRP-USD": 82575519180.26318,
        "SOL-USD": 47756130147.58887,
        "DOGE-USD": 15238867198.980713
    }
}