{
    "ultimo_valore_indice": 42060.90029330323,
    "variazione_24h_pct": 0.029181613378054028,
    "variazione_7g_pct": -0.02090555625473378,
    "variazione_ytd_pct": -0.31986225759609677,
    "ultima_allocazione_pesi": {
        "ETH-USD": 0.768519843839915,
        "SOL-USD": 0.15230296228085824,
        "ADA-USD": 0.02937260833865294,
        "AVAX-USD": 0.012471211290516756,
        "DOT-USD": 0.00787864123144538,
        "NEAR-USD": 0.005100454432969117,
        "SUI20947-USD": 0.011248592457850455,
        "HBAR-USD": 0.013105686127791848
    },
    "capitalizzazione_mercato": {
        "ETH-USD": 240938012768.8789,
        "SOL-USD": 47748374183.04492,
        "ADA-USD": 9208581846.883057,
        "AVAX-USD": 3909839009.6792603,
        "DOT-USD": 2470026215.76915,
        "NEAR-USD": 1599039198.7246857,
        "SUI20947-USD": 3526536803.135605,
        "HBAR-USD": 4108752684.6744385
    }
}