{
    "ultimo_valore_indice": 43340.14431095975,
    "variazione_24h_pct": -0.024782749618679545,
    "variazione_7g_pct": 0.04222871276847262,
    "variazione_ytd_pct": -0.3089477187946901,
    "ultima_allocazione_pesi": {
        "ETH-USD": 0.7665266124538814,
        "SOL-USD": 0.15360445299150843,
        "ADA-USD": 0.029946436015764473,
        "AVAX-USD": 0.01240136940161995,
        "DOT-USD": 0.007890510422779114,
        "NEAR-USD": 0.005035301564370684,
        "SUI20947-USD": 0.011271725035025893,
        "HBAR-USD": 0.013323592115049951
    }
}